{
	"classes": [{
			"type_name": "MV",
			"type_id": "MV"
		},
		{
			"type_name": "抖音音乐",
			"type_id": "抖音音乐MV"
		},
		{
			"type_name": "快手音乐",
			"type_id": "快手音乐MV"
		},
		{
			"type_name": "酷狗音乐",
			"type_id": "酷狗音乐MV"
		},
		{
			"type_name": "酷我音乐",
			"type_id": "酷我音乐MV"
		},
		{
			"type_name": "QQ音乐",
			"type_id": "QQ音乐MV"
		},
		{
			"type_name": "无损音乐",
			"type_id": "无损音乐"
		},
		{
			"type_name": "助眠曲",
			"type_id": "助眠曲MV"
		},
		{
			"type_name": "钢琴曲",
			"type_id": "钢琴曲MV"
		},
		{
			"type_name": "舞曲",
			"type_id": "舞曲超清"
		},
		{
			"type_name": "卡点",
			"type_id": "影视卡点超清"
		},
		{
			"type_name": "时光音乐会",
			"type_id": "时光音乐会MV"
		},
		{
			"type_name": "好声音",
			"type_id": "中国好声音MV"
		},
		{
			"type_name": "粤语",
			"type_id": "粤语MV"
		},
		{
			"type_name": "2023年热榜",
			"type_id": "2023年热门MV"
		},
		{
			"type_name": "KTV热门",
			"type_id": "KTV热门MV"
		},
		{
			"type_name": "滚石经典",
			"type_id": "滚石MV"
		},
		{
			"type_name": "经典老歌",
			"type_id": "经典老歌"
		},
		{
			"type_name": "古风MV",
			"type_id": "古风MV"
		},
		{
			"type_name": "闽南语MV",
			"type_id": "闽南语MV"
		},
		{
			"type_name": "印度歌舞",
			"type_id": "印度歌舞MV"
		},
		{
			"type_name": "网红翻唱",
			"type_id": "网红翻唱MV"
		},
		{
			"type_name": "韩国女团",
			"type_id": "韩国女团MV"
		},
		{
			"type_name": "A阿黛尔",
			"type_id": "阿黛尔MV"
		},
		{
			"type_name": "Blackpink",
			"type_id": "blackpinkMV"
		},
		{
			"type_name": "Beyond",
			"type_id": "beyondMV"
		},
		{
			"type_name": "B坂井泉水",
			"type_id": "坂井泉水MV"
		},
		{
			"type_name": "B宝丽金",
			"type_id": "宝丽金MV"
		},
		{
			"type_name": "B布兰妮",
			"type_id": "布兰妮MV"
		},
		{
			"type_name": "C程响",
			"type_id": "程响MV"
		},
		{
			"type_name": "C陈晓竹",
			"type_id": "陈晓竹MV"
		},
		{
			"type_name": "C崔健",
			"type_id": "崔健MV"
		},
		{
			"type_name": "C蔡依林",
			"type_id": "蔡依林MV"
		},
		{
			"type_name": "C草蜢",
			"type_id": "草蜢MV"
		},
		{
			"type_name": "Coldplay",
			"type_id": "coldplayMV"
		},
		{
			"type_name": "C陈慧娴",
			"type_id": "陈慧娴MV"
		},
		{
			"type_name": "C陈百强",
			"type_id": "陈百强MV"
		},
		{
			"type_name": "C陈淑桦",
			"type_id": "陈淑桦MV"
		},
		{
			"type_name":