{
	"classes": [{
		"type_name": "高一语文",
		"type_id": "高一语文"
	}, {
		"type_name": "高一数学",
		"type_id": "高一数学"
	}, {
		"type_name": "高一英语",
		"type_id": "高一英语"
	}, {
		"type_name": "高一历史",
		"type_id": "高一历史"
	}, {
		"type_name": "高一地理",
		"type_id": "高一地理"
	}, {
		"type_name": "高一生物",
		"type_id": "高一生物"
	}, {
		"type_name": "高一思想政治",
		"type_id": "高一思想政治"
	}, {
		"type_name": "高一物理",
		"type_id": "高一物理"
	}, {
		"type_name": "高一化学",
		"type_id": "高一化学"
	}, {
		"type_name": "高二语文",
		"type_id": "高二语文"
	}, {
		"type_name": "高二数学",
		"type_id": "高二数学"
	}, {
		"type_name": "高二英语",
		"type_id": "高二英语"
	}, {
		"type_name": "高二历史",
		"type_id": "高二历史"
	}, {
		"type_name": "高二地理",
		"type_id": "高二地理"
	}, {
		"type_name": "高二生物",
		"type_id": "高二生物"
	}, {
		"type_name": "高二思想政治",
		"type_id": "高二思想政治"
	}, {
		"type_name": "高二物理",
		"type_id": "高二物理"
	}, {
		"type_name": "高二化学",
		"type_id": "高二化学"
	}, {
		"type_name": "高三语文",
		"type_id": "高三语文"
	}, {
		"type_name": "高三数学",
		"type_id": "高三数学"
	}, {
		"type_name": "高三英语",
		"type_id": "高三英语"
	}, {
		"type_name": "高三历史",
		"type_id": "高三历史"
	}, {
		"type_name": "高三地理",
		"type_id": "高三地理"
	}, {
		"type_name": "高三生物",
		"type_id": "高三生物"
	}, {
		"type_name": "高三思想政治",
		"type_id": "高三思想政治"
	}, {
		"type_name": "高三物理",
		"type_id": "高三物理"
	}, {
		"type_name": "高三化学",
		"type_id": "高三化学"
	}, {
		"type_name": "高中信息技术",
		"type_id": "高中信息技术"
	}, {
		"type_name": "高中信息技术",
		"type_id": "高中信息技术"
	}],
	"cookie": "SESSDATA=01c79709%2C1711618905%2C244c3%2A91CjA9UUnRb_kJg03J5FqUbin76yMY90o1-ckJsM1ItQH21ns4hgcS6Le6oMR3SKtC18QSVmxSbGRhN3cyS3NReERsOHRfYVlhTWJKZjZyTF9wUWJXbjNfaF9qWklFMFpoeVg1ZUhFb0Q0MGFiN3FYd1N3UEFEY1oxX29IdmFSRVVLamcybGhhSkJnIIEC; bili_jct=e9d6e9df733afde2a03693d63a4e77dc; DedeUserID=186957646; DedeUserID__ckMd5=4f717c8832ee1e62; sid=elhiqom1",
	"filter": {
		"1年级语文": [{
			"key": "tid",
			"name": "分类",
			"value": [{
				"n": "全部",
				"v": "0"
			}, {
				"n": "沪教版",
				"v": "沪教版1年级语文"
			}, {
				"n": "人教版",
				"v": "人教版1年级语文"
			}, {
				"n": "北师大版",
				"v": "北师大版1年级语文"
			}, {
				"n": "苏教版",
				"v": "苏教版1年级语文"
			}]
		}, {
			"key": "duration",